40_1.jpg,40
40_2.jpg,40
40_3.jpg,40
40_4.jpg,40
40_5.jpg,40
40_6.jpg,40
40_7.jpg,40
40_8.jpg,40
40_9.jpg,40
40_10.jpg,40
40_11.jpg,40
40_12.jpg,40
40_13.jpg,40
40_14.jpg,40
40_15.jpg,40
40_16.jpg,40
40_17.jpg,40
40_18.jpg,40
40_19.jpg,40
40_20.jpg,40
40_21.jpg,40
40_22.jpg,40
40_23.jpg,40
40_24.jpg,40
40_25.jpg,40
40_26.jpg,40
40_27.jpg,40
40_28.jpg,40
40_29.jpg,40
40_30.jpg,40
41_1.jpg,41
41_2.jpg,41
41_3.jpg,41
41_4.jpg,41
41_5.jpg,41
41_6.jpg,41
41_7.jpg,41
41_8.jpg,41
41_9.jpg,41
41_10.jpg,41
41_11.jpg,41
41_12.jpg,41
41_13.jpg,41
41_14.jpg,41
41_15.jpg,41
41_16.jpg,41
41_17.jpg,41
41_18.jpg,41
41_19.jpg,41
41_20.jpg,41
41_21.jpg,41
41_22.jpg,41
41_23.jpg,41
41_24.jpg,41
41_25.jpg,41
41_26.jpg,41
41_27.jpg,41
41_28.jpg,41
41_29.jpg,41
41_30.jpg,41
42_1.jpg,42
42_2.jpg,42
42_3.jpg,42
42_4.jpg,42
42_5.jpg,42
42_6.jpg,42
42_7.jpg,42
42_8.jpg,42
42_9.jpg,42
42_10.jpg,42
42_11.jpg,42
42_12.jpg,42
42_13.jpg,42
42_14.jpg,42
42_15.jpg,42
42_16.jpg,42
42_17.jpg,42
42_18.jpg,42
42_19.jpg,42
42_20.jpg,42
42_21.jpg,42
42_22.jpg,42
42_23.jpg,42
42_24.jpg,42
42_25.jpg,42
42_26.jpg,42
42_27.jpg,42
42_28.jpg,42
42_29.jpg,42
42_30.jpg,42
50_1.jpg,50
50_2.jpg,50
50_3.jpg,50
50_4.jpg,50
50_5.jpg,50
50_6.jpg,50
50_7.jpg,50
50_8.jpg,50
50_9.jpg,50
50_10.jpg,50
50_11.jpg,50
50_12.jpg,50
50_13.jpg,50
50_14.jpg,50
50_15.jpg,50
50_16.jpg,50
50_17.jpg,50
50_18.jpg,50
50_19.jpg,50
50_20.jpg,50
50_21.jpg,50
50_22.jpg,50
50_23.jpg,50
50_24.jpg,50
50_25.jpg,50
50_26.jpg,50
50_27.jpg,50
50_28.jpg,50
50_29.jpg,50
50_30.jpg,50
51_1.jpg,51
51_2.jpg,51
51_3.jpg,51
51_4.jpg,51
51_5.jpg,51
51_6.jpg,51
51_7.jpg,51
51_8.jpg,51
51_9.jpg,51
51_10.jpg,51
51_11.jpg,51
51_12.jpg,51
51_13.jpg,51
51_14.jpg,51
51_15.jpg,51
51_16.jpg,51
51_17.jpg,51
51_18.jpg,51
51_19.jpg,51
51_20.jpg,51
51_21.jpg,51
51_22.jpg,51
51_23.jpg,51
51_24.jpg,51
51_25.jpg,51
51_26.jpg,51
51_27.jpg,51
51_28.jpg,51
51_29.jpg,51
51_30.jpg,51
52_1.jpg,52
52_2.jpg,52
52_3.jpg,52
52_4.jpg,52
52_5.jpg,52
52_6.jpg,52
52_7.jpg,52
52_8.jpg,52
52_9.jpg,52
52_10.jpg,52
52_11.jpg,52
52_12.jpg,52
52_13.jpg,52
52_14.jpg,52
52_15.jpg,52
52_16.jpg,52
52_17.jpg,52
52_18.jpg,52
52_19.jpg,52
52_20.jpg,52
52_21.jpg,52
52_22.jpg,52
52_23.jpg,52
52_24.jpg,52
52_25.jpg,52
52_26.jpg,52
52_27.jpg,52
52_28.jpg,52
52_29.jpg,52
52_30.jpg,52
60_1.jpg,60
60_2.jpg,60
60_3.jpg,60
60_4.jpg,60
60_5.jpg,60
60_6.jpg,60
60_7.jpg,60
60_8.jpg,60
60_9.jpg,60
60_10.jpg,60
60_11.jpg,60
60_12.jpg,60
60_13.jpg,60
60_14.jpg,60
60_15.jpg,60
60_16.jpg,60
60_17.jpg,60
60_18.jpg,60
60_19.jpg,60
60_20.jpg,60
60_21.jpg,60
60_22.jpg,60
60_23.jpg,60
60_24.jpg,60
60_25.jpg,60
60_26.jpg,60
60_27.jpg,60
60_28.jpg,60
60_29.jpg,60
60_30.jpg,60
61_1.jpg,61
61_2.jpg,61
61_3.jpg,61
61_4.jpg,61
61_5.jpg,61
61_6.jpg,61
61_7.jpg,61
61_8.jpg,61
61_9.jpg,61
61_10.jpg,61
61_11.jpg,61
61_12.jpg,61
61_13.jpg,61
61_14.jpg,61
61_15.jpg,61
61_16.jpg,61
61_17.jpg,61
61_18.jpg,61
61_19.jpg,61
61_20.jpg,61
61_21.jpg,61
61_22.jpg,61
61_23.jpg,61
61_24.jpg,61
61_25.jpg,61
61_26.jpg,61
61_27.jpg,61
61_28.jpg,61
61_29.jpg,61
61_30.jpg,61
62_1.jpg,62
62_2.jpg,62
62_3.jpg,62
62_4.jpg,62
62_5.jpg,62
62_6.jpg,62
62_7.jpg,62
62_8.jpg,62
62_9.jpg,62
62_10.jpg,62
62_11.jpg,62
62_12.jpg,62
62_13.jpg,62
62_14.jpg,62
62_15.jpg,62
62_16.jpg,62
62_17.jpg,62
62_18.jpg,62
62_19.jpg,62
62_20.jpg,62
62_21.jpg,62
62_22.jpg,62
62_23.jpg,62
62_24.jpg,62
62_25.jpg,62
62_26.jpg,62
62_27.jpg,62
62_28.jpg,62
62_29.jpg,62
62_30.jpg,62
